{"cameraMode":{"drawMode":0,"name":"Shaded","section":"Shading Mode"},"sceneLighting":true,"audioPlay":false,"sceneViewState":{"showFog":true,"showMaterialUpdate":false,"showSkybox":true,"showFlares":true,"showImageEffects":true,"showParticleSystems":true},"in2DMode":false,"pivot":{"x":-5.274389743804932,"y":-6.428162574768066,"z":-7.203893661499023},"rotation":{"x":-0.1427762657403946,"y":0.846326470375061,"z":-0.2817143499851227,"w":-0.42906469106674197},"size":126.43474578857422,"orthographic":false}