{"cameraMode":{"drawMode":0,"name":"Shaded","section":"Shading Mode"},"sceneLighting":true,"audioPlay":false,"sceneViewState":{"showFog":true,"showMaterialUpdate":false,"showSkybox":true,"showFlares":true,"showImageEffects":true,"showParticleSystems":true},"in2DMode":false,"pivot":{"x":2.73268985748291,"y":12.869732856750489,"z":5.746667861938477},"rotation":{"x":-0.12069105356931687,"y":0.8754732012748718,"z":-0.2841232120990753,"w":-0.37189948558807375},"size":65.45741271972656,"orthographic":false}